{
	"sources" : 
	[
		{
			"file" : "D:/5to semsetre/microcotroladores/Esp32_IDF/lab 5/5. semaforo_2/build/CMakeFiles/bootloader"
		},
		{
			"file" : "D:/5to semsetre/microcotroladores/Esp32_IDF/lab 5/5. semaforo_2/build/CMakeFiles/bootloader.rule"
		},
		{
			"file" : "D:/5to semsetre/microcotroladores/Esp32_IDF/lab 5/5. semaforo_2/build/CMakeFiles/bootloader-complete.rule"
		},
		{
			"file" : "D:/5to semsetre/microcotroladores/Esp32_IDF/lab 5/5. semaforo_2/build/bootloader-prefix/src/bootloader-stamp/bootloader-build.rule"
		},
		{
			"file" : "D:/5to semsetre/microcotroladores/Esp32_IDF/lab 5/5. semaforo_2/build/bootloader-prefix/src/bootloader-stamp/bootloader-configure.rule"
		},
		{
			"file" : "D:/5to semsetre/microcotroladores/Esp32_IDF/lab 5/5. semaforo_2/build/bootloader-prefix/src/bootloader-stamp/bootloader-download.rule"
		},
		{
			"file" : "D:/5to semsetre/microcotroladores/Esp32_IDF/lab 5/5. semaforo_2/build/bootloader-prefix/src/bootloader-stamp/bootloader-install.rule"
		},
		{
			"file" : "D:/5to semsetre/microcotroladores/Esp32_IDF/lab 5/5. semaforo_2/build/bootloader-prefix/src/bootloader-stamp/bootloader-mkdir.rule"
		},
		{
			"file" : "D:/5to semsetre/microcotroladores/Esp32_IDF/lab 5/5. semaforo_2/build/bootloader-prefix/src/bootloader-stamp/bootloader-patch.rule"
		},
		{
			"file" : "D:/5to semsetre/microcotroladores/Esp32_IDF/lab 5/5. semaforo_2/build/bootloader-prefix/src/bootloader-stamp/bootloader-update.rule"
		}
	],
	"target" : 
	{
		"labels" : 
		[
			"bootloader"
		],
		"name" : "bootloader"
	}
}