{
    "ADC_CALI_EFUSE_TP_ENABLE": true,
    "ADC_CALI_EFUSE_VREF_ENABLE": true,
    "ADC_CALI_LUT_ENABLE": true,
    "ADC_CALI_SUPPRESS_DEPRECATE_WARN": false,
    "ADC_CAL_EFUSE_TP_ENABLE": true,
    "ADC_CAL_EFUSE_VREF_ENABLE": true,
    "ADC_CAL_LUT_ENABLE": true,
    "ADC_CONTINUOUS_ISR_IRAM_SAFE": false,
    "ADC_DISABLE_DAC": true,
    "ADC_DISABLE_DAC_OUTPUT": true,
    "ADC_ENABLE_DEBUG_LOG": false,
    "ADC_ONESHOT_CTRL_FUNC_IN_IRAM": false,
    "ADC_SKIP_LEGACY_CONFLICT_CHECK": false,
    "ADC_SUPPRESS_DEPRECATE_WARN": false,
    "APPTRACE_DEST_JTAG": false,
    "APPTRACE_DEST_NONE": true,
    "APPTRACE_DEST_UART1": false,
    "APPTRACE_DEST_UART2": false,
    "APPTRACE_DEST_UART_NONE": true,
    "APPTRACE_LOCK_ENABLE": true,
    "APPTRACE_UART_TASK_PRIO": 1,
    "APP_BUILD_BOOTLOADER": true,
    "APP_BUILD_GENERATE_BINARIES": true,
    "APP_BUILD_TYPE_APP_2NDBOOT": true,
    "APP_BUILD_TYPE_RAM": false,
    "APP_BUILD_USE_FLASH_SECTIONS": true,
    "APP_COMPATIBLE_PRE_V2_1_BOOTLOADERS": false,
    "APP_COMPATIBLE_PRE_V3_1_BOOTLOADERS": false,
    "APP_COMPILE_TIME_DATE": true,
    "APP_EXCLUDE_PROJECT_NAME_VAR": false,
    "APP_EXCLUDE_PROJECT_VER_VAR": false,
    "APP_NO_BLOBS": false,
    "APP_PROJECT_VER_FROM_CONFIG": false,
    "APP_REPRODUCIBLE_BUILD": false,
    "APP_RETRIEVE_LEN_ELF_SHA": 9,
    "BLINK_GPIO": 5,
    "BLINK_LED_GPIO": true,
    "BLINK_LED_STRIP": false,
    "BLINK_PERIOD": 1000,
    "BOOTLOADER_APP_ROLLBACK_ENABLE": false,
    "BOOTLOADER_APP_TEST": false,
    "BOOTLOADER_COMPILER_OPTIMIZATION_DEBUG": false,
    "BOOTLOADER_COMPILER_OPTIMIZATION_NONE": false,
    "BOOTLOADER_COMPILER_OPTIMIZATION_PERF": false,
    "BOOTLOADER_COMPILER_OPTIMIZATION_SIZE": true,
    "BOOTLOADER_COMPILE_TIME_DATE": true,
    "BOOTLOADER_CUSTOM_RESERVE_RTC": false,
    "BOOTLOADER_FACTORY_RESET": false,
    "BOOTLOADER_FLASH_DC_AWARE": false,
    "BOOTLOADER_FLASH_XMC_SUPPORT": true,
    "BOOTLOADER_LOG_COLORS": false,
    "BOOTLOADER_LOG_LEVEL": 3,
    "BOOTLOADER_LOG_LEVEL_DEBUG": false,
    "BOOTLOADER_LOG_LEVEL_ERROR": false,
    "BOOTLOADER_LOG_LEVEL_INFO": true,
    "BOOTLOADER_LOG_LEVEL_NONE": false,
    "BOOTLOADER_LOG_LEVEL_VERBOSE": false,
    "BOOTLOADER_LOG_LEVEL_WARN": false,
    "BOOTLOADER_LOG_TIMESTAMP_SOURCE_CPU_TICKS": true,
    "BOOTLOADER_OFFSET_IN_FLASH": 4096,
    "BOOTLOADER_PROJECT_VER": 1,
    "BOOTLOADER_REGION_PROTECTION_ENABLE": true,
    "BOOTLOADER_RESERVE_RTC_SIZE": 0,
    "BOOTLOADER_SKIP_VALIDATE_ALWAYS": false,
    "BOOTLOADER_SKIP_VALIDATE_IN_DEEP_SLEEP": false,
    "BOOTLOADER_SKIP_VALIDATE_ON_POWER_ON": false,
    "BOOTLOADER_VDDSDIO_BOOST_1_8V": false,
    "BOOTLOADER_VDDSDIO_BOOST_1_9V": true,
    "BOOTLOADER_WDT_DISABLE_IN_USER_CODE": false,
    "BOOTLOADER_WDT_ENABLE": true,
    "BOOTLOADER_WDT_TIME_MS": 9000,
    "BT_ALARM_MAX_NUM": 50,
    "BT_ENABLED": false,
    "COMPILER_ASSERT_NDEBUG_EVALUATE": true,
    "COMPILER_CXX_EXCEPTIONS": false,
    "COMPILER_CXX_RTTI": false,
    "COMPILER_DISABLE_DEFAULT_ERRORS": true,
    "COMPILER_DISABLE_GCC12_WARNINGS": false,
    "COMPILER_DISABLE_GCC13_WARNINGS": false,
    "COMPILER_DISABLE_GCC14_WARNINGS": false,
    "COMPILER_DUMP_RTL_FILES": false,
    "COMPILER_FLOAT_LIB_FROM_GCCLIB": true,
    "COMPILER_HIDE_PATHS_MACROS": true,
    "COMPILER_NO_MERGE_CONSTANTS": false,
    "COMPILER_OPTIMIZATION_ASSERTIONS_DISABLE": false,
    "COMPILER_OPTIMIZATION_ASSERTIONS_ENABLE": true,
    "COMPILER_OPTIMIZATION_ASSERTIONS_SILENT": false,
    "COMPILER_OPTIMIZATION_ASSERTION_LEVEL": 2,
    "COMPILER_OPTIMIZATION_CHECKS_SILENT": false,
    "COMPILER_OPTIMIZATION_DEBUG": true,
    "COMPILER_OPTIMIZATION_NONE": false,
    "COMPILER_OPTIMIZATION_PERF": false,
    "COMPILER_OPTIMIZATION_SIZE": false,
    "COMPILER_ORPHAN_SECTIONS_PLACE": false,
    "COMPILER_ORPHAN_SECTIONS_WARNING": true,
    "COMPILER_RT_LIB_GCCLIB": true,
    "COMPILER_RT_LIB_NAME": "gcc",
    "COMPILER_STACK_CHECK_MODE_ALL": false,
    "COMPILER_STACK_CHECK_MODE_NONE": true,
    "COMPILER_STACK_CHECK_MODE_NORM": false,
    "COMPILER_STACK_CHECK_MODE_STRONG": false,
    "COMPILER_STATIC_ANALYZER": false,
    "COMPILER_WARN_WRITE_STRINGS": false,
    "CONSOLE_SORTED_HELP": false,
    "DAC_CTRL_FUNC_IN_IRAM": false,
    "DAC_DMA_AUTO_16BIT_ALIGN": true,
    "DAC_ENABLE_DEBUG_LOG": false,
    "DAC_ISR_IRAM_SAFE": false,
    "DAC_SKIP_LEGACY_CONFLICT_CHECK": false,
    "DAC_SUPPRESS_DEPRECATE_WARN": false,
    "EFUSE_CODE_SCHEME_COMPAT_3_4": true,
    "EFUSE_CODE_SCHEME_COMPAT_NONE": false,
    "EFUSE_CODE_SCHEME_COMPAT_REPEAT": false,
    "EFUSE_CUSTOM_TABLE": false,
    "EFUSE_MAX_BLK_LEN": 192,
    "EFUSE_VIRTUAL": false,
    "ENV_GPIO_IN_RANGE_MAX": 39,
    "ENV_GPIO_OUT_RANGE_MAX": 33,
    "ENV_GPIO_RANGE_MAX": 39,
    "ENV_GPIO_RANGE_MIN": 0,
    "ESP32_DISABLE_BASIC_ROM_CONSOLE": false,
    "ESP32_REV_MAX_FULL": 399,
    "ESP32_REV_MIN": 0,
    "ESP32_REV_MIN_0": true,
    "ESP32_REV_MIN_1": false,
    "ESP32_REV_MIN_1_1": false,
    "ESP32_REV_MIN_2": false,
    "ESP32_REV_MIN_3": false,
    "ESP32_REV_MIN_3_1": false,
    "ESP32_REV_MIN_FULL": 0,
    "ESP32_TRACEMEM_RESERVE_DRAM": 0,
    "ESP32_TRAX": false,
    "ESP32_UNIVERSAL_MAC_ADDRESSES": 4,
    "ESP32_UNIVERSAL_MAC_ADDRESSES_FOUR": true,
    "ESP32_UNIVERSAL_MAC_ADDRESSES_TWO": false,
    "ESP32_USE_FIXED_STATIC_RAM_SIZE": false,
    "ESPHID_TASK_SIZE_BLE": 4096,
    "ESPHID_TASK_SIZE_BT": 2048,
    "ESPTOOLPY_AFTER": "hard_reset",
    "ESPTOOLPY_AFTER_NORESET": false,
    "ESPTOOLPY_AFTER_RESET": true,
    "ESPTOOLPY_BEFORE": "default_reset",
    "ESPTOOLPY_BEFORE_NORESET": false,
    "ESPTOOLPY_BEFORE_RESET": true,
    "ESPTOOLPY_FLASHFREQ": "40m",
    "ESPTOOLPY_FLASHFREQ_20M": false,
    "ESPTOOLPY_FLASHFREQ_26M": false,
    "ESPTOOLPY_FLASHFREQ_40M": true,
    "ESPTOOLPY_FLASHFREQ_80M": false,
    "ESPTOOLPY_FLASHMODE": "dio",
    "ESPTOOLPY_FLASHMODE_DIO": true,
    "ESPTOOLPY_FLASHMODE_DOUT": false,
    "ESPTOOLPY_FLASHMODE_QIO": false,
    "ESPTOOLPY_FLASHMODE_QOUT": false,
    "ESPTOOLPY_FLASHSIZE": "2MB",
    "ESPTOOLPY_FLASHSIZE_128MB": false,
    "ESPTOOLPY_FLASHSIZE_16MB": false,
    "ESPTOOLPY_FLASHSIZE_1MB": false,
    "ESPTOOLPY_FLASHSIZE_2MB": true,
    "ESPTOOLPY_FLASHSIZE_32MB": false,
    "ESPTOOLPY_FLASHSIZE_4MB": false,
    "ESPTOOLPY_FLASHSIZE_64MB": false,
    "ESPTOOLPY_FLASHSIZE_8MB": false,
    "ESPTOOLPY_FLASH_SAMPLE_MODE_STR": true,
    "ESPTOOLPY_HEADER_FLASHSIZE_UPDATE": false,
    "ESPTOOLPY_MONITOR_BAUD": 115200,
    "ESPTOOLPY_NO_STUB": false,
    "ESP_BROWNOUT_DET": true,
    "ESP_BROWNOUT_DET_LVL": 0,
    "ESP_BROWNOUT_DET_LVL_SEL_0": true,
    "ESP_BROWNOUT_DET_LVL_SEL_1": false,
    "ESP_BROWNOUT_DET_LVL_SEL_2": false,
    "ESP_BROWNOUT_DET_LVL_SEL_3": false,
    "ESP_BROWNOUT_DET_LVL_SEL_4": false,
    "ESP_BROWNOUT_DET_LVL_SEL_5": false,
    "ESP_BROWNOUT_DET_LVL_SEL_6": false,
    "ESP_BROWNOUT_DET_LVL_SEL_7": false,
    "ESP_COEX_ENABLED": true,
    "ESP_COEX_GPIO_DEBUG": false,
    "ESP_CONSOLE_NONE": false,
    "ESP_CONSOLE_ROM_SERIAL_PORT_NUM": 0,
    "ESP_CONSOLE_UART": true,
    "ESP_CONSOLE_UART_BAUDRATE": 115200,
    "ESP_CONSOLE_UART_CUSTOM": false,
    "ESP_CONSOLE_UART_DEFAULT": true,
    "ESP_CONSOLE_UART_NUM": 0,
    "ESP_COREDUMP_ENABLE_TO_FLASH": false,
    "ESP_COREDUMP_ENABLE_TO_NONE": true,
    "ESP_COREDUMP_ENABLE_TO_UART": false,
    "ESP_DEBUG_OCDAWARE": true,
    "ESP_DEBUG_STUBS_ENABLE": false,
    "ESP_DEFAULT_CPU_FREQ_MHZ": 160,
    "ESP_DEFAULT_CPU_FREQ_MHZ_160": true,
    "ESP_DEFAULT_CPU_FREQ_MHZ_240": false,
    "ESP_DEFAULT_CPU_FREQ_MHZ_80": false,
    "ESP_EFUSE_BLOCK_REV_MAX_FULL": 99,
    "ESP_EFUSE_BLOCK_REV_MIN_FULL": 0,
    "ESP_ERR_TO_NAME_LOOKUP": true,
    "ESP_EVENT_LOOP_PROFILING": false,
    "ESP_EVENT_POST_FROM_IRAM_ISR": true,
    "ESP_EVENT_POST_FROM_ISR": true,
    "ESP_GDBSTUB_ENABLED": true,
    "ESP_GDBSTUB_MAX_TASKS": 32,
    "ESP_GDBSTUB_SUPPORT_TASKS": true,
    "ESP_HTTPS_OTA_ALLOW_HTTP": false,
    "ESP_HTTPS_OTA_DECRYPT_CB": false,
    "ESP_HTTPS_OTA_EVENT_POST_TIMEOUT": 2000,
    "ESP_HTTPS_SERVER_ENABLE": false,
    "ESP_HTTPS_SERVER_EVENT_POST_TIMEOUT": 2000,
    "ESP_HTTP_CLIENT_ENABLE_BASIC_AUTH": false,
    "ESP_HTTP_CLIENT_ENABLE_CUSTOM_TRANSPORT": false,
    "ESP_HTTP_CLIENT_ENABLE_DIGEST_AUTH": false,
    "ESP_HTTP_CLIENT_ENABLE_HTTPS": true,
    "ESP_HTTP_CLIENT_EVENT_POST_TIMEOUT": 2000,
    "ESP_INT_WDT": true,
    "ESP_INT_WDT_CHECK_CPU1": true,
    "ESP_INT_WDT_TIMEOUT_MS": 300,
    "ESP_IPC_ISR_ENABLE": true,
    "ESP_IPC_TASK_STACK_SIZE": 1024,
    "ESP_IPC_USES_CALLERS_PRIORITY": true,
    "ESP_MAC_ADDR_UNIVERSE_BT": true,
    "ESP_MAC_ADDR_UNIVERSE_ETH": true,
    "ESP_MAC_ADDR_UNIVERSE_WIFI_AP": true,
    "ESP_MAC_ADDR_UNIVERSE_WIFI_STA": true,
    "ESP_MAC_IGNORE_MAC_CRC_ERROR": false,
    "ESP_MAC_UNIVERSAL_MAC_ADDRESSES": 4,
    "ESP_MAC_UNIVERSAL_MAC_ADDRESSES_FOUR": true,
    "ESP_MAC_USE_CUSTOM_MAC_AS_BASE_MAC": false,
    "ESP_MAIN_TASK_AFFINITY": 0,
    "ESP_MAIN_TASK_AFFINITY_CPU0": true,
    "ESP_MAIN_TASK_AFFINITY_CPU1": false,
    "ESP_MAIN_TASK_AFFINITY_NO_AFFINITY": false,
    "ESP_MAIN_TASK_STACK_SIZE": 3584,
    "ESP_MINIMAL_SHARED_STACK_SIZE": 2048,
    "ESP_NETIF_BRIDGE_EN": false,
    "ESP_NETIF_IP_LOST_TIMER_INTERVAL": 120,
    "ESP_NETIF_L2_TAP": false,
    "ESP_NETIF_LOOPBACK": false,
    "ESP_NETIF_PROVIDE_CUSTOM_IMPLEMENTATION": false,
    "ESP_NETIF_RECEIVE_REPORT_ERRORS": false,
    "ESP_NETIF_REPORT_DATA_TRAFFIC": true,
    "ESP_NETIF_SET_DNS_PER_DEFAULT_NETIF": false,
    "ESP_NETIF_TCPIP_LWIP": true,
    "ESP_NETIF_USES_TCPIP_WITH_BSD_API": true,
    "ESP_PANIC_HANDLER_IRAM": false,
    "ESP_PHY_CALIBRATION_AND_DATA_STORAGE": true,
    "ESP_PHY_CALIBRATION_MODE": 0,
    "ESP_PHY_ENABLED": true,
    "ESP_PHY_ENABLE_CERT_TEST": false,
    "ESP_PHY_INIT_DATA_IN_PARTITION": false,
    "ESP_PHY_MAX_TX_POWER": 20,
    "ESP_PHY_MAX_WIFI_TX_POWER": 20,
    "ESP_PHY_PLL_TRACK_DEBUG": false,
    "ESP_PHY_RECORD_USED_TIME": false,
    "ESP_PHY_REDUCE_TX_POWER": false,
    "ESP_PHY_RF_CAL_FULL": false,
    "ESP_PHY_RF_CAL_NONE": false,
    "ESP_PHY_RF_CAL_PARTIAL": true,
    "ESP_PROTOCOMM_SUPPORT_SECURITY_PATCH_VERSION": true,
    "ESP_PROTOCOMM_SUPPORT_SECURITY_VERSION_0": true,
    "ESP_PROTOCOMM_SUPPORT_SECURITY_VERSION_1": true,
    "ESP_PROTOCOMM_SUPPORT_SECURITY_VERSION_2": true,
    "ESP_REV_MAX_FULL": 399,
    "ESP_REV_MIN_FULL": 0,
    "ESP_ROM_HAS_CRC_BE": true,
    "ESP_ROM_HAS_CRC_LE": true,
    "ESP_ROM_HAS_JPEG_DECODE": true,
    "ESP_ROM_HAS_MZ_CRC32": true,
    "ESP_ROM_HAS_NEWLIB": true,
    "ESP_ROM_HAS_NEWLIB_32BIT_TIME": true,
    "ESP_ROM_HAS_NEWLIB_NANO_FORMAT": true,
    "ESP_ROM_HAS_OUTPUT_PUTC_FUNC": true,
    "ESP_ROM_HAS_SW_FLOAT": true,
    "ESP_ROM_HAS_UART_BUF_SWITCH": true,
    "ESP_ROM_NEEDS_SWSETUP_WORKAROUND": true,
    "ESP_ROM_SUPPORT_DEEP_SLEEP_WAKEUP_STUB": true,
    "ESP_ROM_USB_OTG_NUM": -1,
    "ESP_ROM_USB_SERIAL_DEVICE_NUM": -1,
    "ESP_SLEEP_CACHE_SAFE_ASSERTION": false,
    "ESP_SLEEP_DEBUG": false,
    "ESP_SLEEP_FLASH_LEAKAGE_WORKAROUND": true,
    "ESP_SLEEP_GPIO_ENABLE_INTERNAL_RESISTORS": true,
    "ESP_SLEEP_GPIO_RESET_WORKAROUND": false,
    "ESP_SLEEP_MSPI_NEED_ALL_IO_PU": false,
    "ESP_SLEEP_POWER_DOWN_FLASH": false,
    "ESP_SLEEP_RTC_BUS_ISO_WORKAROUND": true,
    "ESP_SLEEP_WAIT_FLASH_READY_EXTRA_DELAY": 2000,
    "ESP_SPI_BUS_LOCK_ISR_FUNCS_IN_IRAM": true,
    "ESP_SYSTEM_BROWNOUT_INTR": true,
    "ESP_SYSTEM_CHECK_INT_LEVEL_4": true,
    "ESP_SYSTEM_CHECK_INT_LEVEL_5": false,
    "ESP_SYSTEM_ESP32_SRAM1_REGION_AS_IRAM": false,
    "ESP_SYSTEM_EVENT_QUEUE_SIZE": 32,
    "ESP_SYSTEM_EVENT_TASK_STACK_SIZE": 2304,
    "ESP_SYSTEM_GDBSTUB_RUNTIME": false,
    "ESP_SYSTEM_PANIC_GDBSTUB": false,
    "ESP_SYSTEM_PANIC_PRINT_HALT": false,
    "ESP_SYSTEM_PANIC_PRINT_REBOOT": true,
    "ESP_SYSTEM_PANIC_REBOOT_DELAY_SECONDS": 0,
    "ESP_SYSTEM_PANIC_SILENT_REBOOT": false,
    "ESP_TASK_WDT_CHECK_IDLE_TASK_CPU0": true,
    "ESP_TASK_WDT_CHECK_IDLE_TASK_CPU1": true,
    "ESP_TASK_WDT_EN": true,
    "ESP_TASK_WDT_INIT": true,
    "ESP_TASK_WDT_PANIC": false,
    "ESP_TASK_WDT_TIMEOUT_S": 5,
    "ESP_TIMER_IMPL_TG0_LAC": true,
    "ESP_TIMER_INTERRUPT_LEVEL": 1,
    "ESP_TIMER_ISR_AFFINITY_CPU0": true,
    "ESP_TIMER_PROFILING": false,
    "ESP_TIMER_SHOW_EXPERIMENTAL": false,
    "ESP_TIMER_SUPPORTS_ISR_DISPATCH_METHOD": false,
    "ESP_TIMER_TASK_AFFINITY": 0,
    "ESP_TIMER_TASK_AFFINITY_CPU0": true,
    "ESP_TIMER_TASK_STACK_SIZE": 3584,
    "ESP_TIME_FUNCS_USE_ESP_TIMER": true,
    "ESP_TIME_FUNCS_USE_RTC_TIMER": true,
    "ESP_TLS_CLIENT_SESSION_TICKETS": false,
    "ESP_TLS_INSECURE": false,
    "ESP_TLS_PSK_VERIFICATION": false,
    "ESP_TLS_SERVER_CERT_SELECT_HOOK": false,
    "ESP_TLS_SERVER_MIN_AUTH_MODE_OPTIONAL": false,
    "ESP_TLS_SERVER_SESSION_TICKETS": false,
    "ESP_TLS_USE_SECURE_ELEMENT": false,
    "ESP_TLS_USING_MBEDTLS": true,
    "ESP_WIFI_11KV_SUPPORT": false,
    "ESP_WIFI_11R_SUPPORT": false,
    "ESP_WIFI_AMPDU_RX_ENABLED": true,
    "ESP_WIFI_AMPDU_TX_ENABLED": true,
    "ESP_WIFI_CSI_ENABLED": false,
    "ESP_WIFI_DEBUG_PRINT": false,
    "ESP_WIFI_DPP_SUPPORT": false,
    "ESP_WIFI_DYNAMIC_RX_BUFFER_NUM": 32,
    "ESP_WIFI_DYNAMIC_RX_MGMT_BUF": 0,
    "ESP_WIFI_DYNAMIC_RX_MGMT_BUFFER": false,
    "ESP_WIFI_DYNAMIC_TX_BUFFER": true,
    "ESP_WIFI_DYNAMIC_TX_BUFFER_NUM": 32,
    "ESP_WIFI_ENABLED": true,
    "ESP_WIFI_ENABLE_SAE_PK": true,
    "ESP_WIFI_ENABLE_WPA3_OWE_STA": true,
    "ESP_WIFI_ENABLE_WPA3_SAE": true,
    "ESP_WIFI_ENTERPRISE_SUPPORT": true,
    "ESP_WIFI_ENT_FREE_DYNAMIC_BUFFER": false,
    "ESP_WIFI_ESPNOW_MAX_ENCRYPT_NUM": 7,
    "ESP_WIFI_EXTRA_IRAM_OPT": false,
    "ESP_WIFI_GMAC_SUPPORT": true,
    "ESP_WIFI_IRAM_OPT": true,
    "ESP_WIFI_MBEDTLS_CRYPTO": true,
    "ESP_WIFI_MBEDTLS_TLS_CLIENT": true,
    "ESP_WIFI_MBO_SUPPORT": false,
    "ESP_WIFI_MGMT_SBUF_NUM": 32,
    "ESP_WIFI_NAN_ENABLE": false,
    "ESP_WIFI_NVS_ENABLED": true,
    "ESP_WIFI_RX_BA_WIN": 6,
    "ESP_WIFI_RX_IRAM_OPT": true,
    "ESP_WIFI_RX_MGMT_BUF_NUM_DEF": 5,
    "ESP_WIFI_SLP_BEACON_LOST_OPT": false,
    "ESP_WIFI_SLP_DEFAULT_MAX_ACTIVE_TIME": 10,
    "ESP_WIFI_SLP_DEFAULT_MIN_ACTIVE_TIME": 50,
    "ESP_WIFI_SLP_DEFAULT_WAIT_BROADCAST_DATA_TIME": 15,
    "ESP_WIFI_SLP_IRAM_OPT": false,
    "ESP_WIFI_SOFTAP_BEACON_MAX_LEN": 752,
    "ESP_WIFI_SOFTAP_SAE_SUPPORT": true,
    "ESP_WIFI_SOFTAP_SUPPORT": true,
    "ESP_WIFI_STATIC_RX_BUFFER_NUM": 10,
    "ESP_WIFI_STATIC_RX_MGMT_BUFFER": true,
    "ESP_WIFI_STATIC_TX_BUFFER": false,
    "ESP_WIFI_STA_DISCONNECTED_PM_ENABLE": true,
    "ESP_WIFI_TASK_PINNED_TO_CORE_0": true,
    "ESP_WIFI_TASK_PINNED_TO_CORE_1": false,
    "ESP_WIFI_TESTING_OPTIONS": false,
    "ESP_WIFI_TX_BA_WIN": 6,
    "ESP_WIFI_TX_BUFFER_TYPE": 1,
    "ESP_WIFI_WAPI_PSK": false,
    "ESP_WIFI_WPS_PASSPHRASE": false,
    "ESP_WIFI_WPS_SOFTAP_REGISTRAR": false,
    "ESP_WIFI_WPS_STRICT": false,
    "ETH_DMA_BUFFER_SIZE": 512,
    "ETH_DMA_RX_BUFFER_NUM": 10,
    "ETH_DMA_TX_BUFFER_NUM": 10,
    "ETH_ENABLED": true,
    "ETH_IRAM_OPTIMIZATION": false,
    "ETH_PHY_INTERFACE_RMII": true,
    "ETH_RMII_CLK_INPUT": true,
    "ETH_RMII_CLK_IN_GPIO": 0,
    "ETH_RMII_CLK_OUTPUT": false,
    "ETH_SPI_ETHERNET_DM9051": false,
    "ETH_SPI_ETHERNET_KSZ8851SNL": false,
    "ETH_SPI_ETHERNET_W5500": false,
    "ETH_TRANSMIT_MUTEX": false,
    "ETH_USE_ESP32_EMAC": true,
    "ETH_USE_OPENETH": false,
    "ETH_USE_SPI_ETHERNET": true,
    "FATFS_CODEPAGE": 437,
    "FATFS_CODEPAGE_437": true,
    "FATFS_CODEPAGE_720": false,
    "FATFS_CODEPAGE_737": false,
    "FATFS_CODEPAGE_771": false,
    "FATFS_CODEPAGE_775": false,
    "FATFS_CODEPAGE_850": false,
    "FATFS_CODEPAGE_852": false,
    "FATFS_CODEPAGE_855": false,
    "FATFS_CODEPAGE_857": false,
    "FATFS_CODEPAGE_860": false,
    "FATFS_CODEPAGE_861": false,
    "FATFS_CODEPAGE_862": false,
    "FATFS_CODEPAGE_863": false,
    "FATFS_CODEPAGE_864": false,
    "FATFS_CODEPAGE_865": false,
    "FATFS_CODEPAGE_866": false,
    "FATFS_CODEPAGE_869": false,
    "FATFS_CODEPAGE_932": false,
    "FATFS_CODEPAGE_936": false,
    "FATFS_CODEPAGE_949": false,
    "FATFS_CODEPAGE_950": false,
    "FATFS_CODEPAGE_DYNAMIC": false,
    "FATFS_FS_LOCK": 0,
    "FATFS_IMMEDIATE_FSYNC": false,
    "FATFS_LFN_HEAP": false,
    "FATFS_LFN_NONE": true,
    "FATFS_LFN_STACK": false,
    "FATFS_LINK_LOCK": true,
    "FATFS_PER_FILE_CACHE": true,
    "FATFS_SECTOR_4096": true,
    "FATFS_SECTOR_512": false,
    "FATFS_TIMEOUT_MS": 10000,
    "FATFS_USE_FASTSEEK": false,
    "FATFS_USE_LABEL": false,
    "FATFS_USE_STRFUNC_NONE": true,
    "FATFS_USE_STRFUNC_WITHOUT_CRLF_CONV": false,
    "FATFS_USE_STRFUNC_WITH_CRLF_CONV": false,
    "FATFS_VFS_FSTAT_BLKSIZE": 0,
    "FATFS_VOLUME_COUNT": 2,
    "FREERTOS_CHECK_MUTEX_GIVEN_BY_OWNER": true,
    "FREERTOS_CHECK_PORT_CRITICAL_COMPLIANCE": false,
    "FREERTOS_CHECK_STACKOVERFLOW_CANARY": true,
    "FREERTOS_CHECK_STACKOVERFLOW_NONE": false,
    "FREERTOS_CHECK_STACKOVERFLOW_PTRVAL": false,
    "FREERTOS_CORETIMER_0": true,
    "FREERTOS_CORETIMER_1": false,
    "FREERTOS_DEBUG_OCDAWARE": true,
    "FREERTOS_ENABLE_BACKWARD_COMPATIBILITY": false,
    "FREERTOS_ENABLE_STATIC_TASK_CLEAN_UP": false,
    "FREERTOS_ENABLE_TASK_SNAPSHOT": true,
    "FREERTOS_FPU_IN_ISR": false,
    "FREERTOS_GENERATE_RUN_TIME_STATS": false,
    "FREERTOS_HZ": 100,
    "FREERTOS_IDLE_TASK_STACKSIZE": 1536,
    "FREERTOS_INTERRUPT_BACKTRACE": true,
    "FREERTOS_ISR_STACKSIZE": 1536,
    "FREERTOS_MAX_TASK_NAME_LEN": 16,
    "FREERTOS_NO_AFFINITY": 2147483647,
    "FREERTOS_NUMBER_OF_CORES": 2,
    "FREERTOS_PLACE_FUNCTIONS_INTO_FLASH": false,
    "FREERTOS_PLACE_SNAPSHOT_FUNS_INTO_FLASH": true,
    "FREERTOS_PORT": true,
    "FREERTOS_QUEUE_REGISTRY_SIZE": 0,
    "FREERTOS_SMP": false,
    "FREERTOS_SUPPORT_STATIC_ALLOCATION": true,
    "FREERTOS_SYSTICK_USES_CCOUNT": true,
    "FREERTOS_TASK_FUNCTION_WRAPPER": true,
    "FREERTOS_TASK_NOTIFICATION_ARRAY_ENTRIES": 1,
    "FREERTOS_TASK_PRE_DELETION_HOOK": false,
    "FREERTOS_THREAD_LOCAL_STORAGE_POINTERS": 1,
    "FREERTOS_TICK_SUPPORT_CORETIMER": true,
    "FREERTOS_TIMER_QUEUE_LENGTH": 10,
    "FREERTOS_TIMER_SERVICE_TASK_CORE_AFFINITY": 2147483647,
    "FREERTOS_TIMER_SERVICE_TASK_NAME": "Tmr Svc",
    "FREERTOS_TIMER_TASK_AFFINITY_CPU0": false,
    "FREERTOS_TIMER_TASK_AFFINITY_CPU1": false,
    "FREERTOS_TIMER_TASK_NO_AFFINITY": true,
    "FREERTOS_TIMER_TASK_PRIORITY": 1,
    "FREERTOS_TIMER_TASK_STACK_DEPTH": 2048,
    "FREERTOS_TLSP_DELETION_CALLBACKS": true,
    "FREERTOS_UNICORE": false,
    "FREERTOS_USE_APPLICATION_TASK_TAG": false,
    "FREERTOS_USE_IDLE_HOOK": false,
    "FREERTOS_USE_LIST_DATA_INTEGRITY_CHECK_BYTES": false,
    "FREERTOS_USE_TICK_HOOK": false,
    "FREERTOS_USE_TIMERS": true,
    "FREERTOS_USE_TRACE_FACILITY": false,
    "FREERTOS_WATCHPOINT_END_OF_STACK": false,
    "GPIO_CTRL_FUNC_IN_IRAM": false,
    "GPIO_ESP32_SUPPORT_SWITCH_SLP_PULL": false,
    "GPTIMER_CTRL_FUNC_IN_IRAM": false,
    "GPTIMER_ENABLE_DEBUG_LOG": false,
    "GPTIMER_ISR_HANDLER_IN_IRAM": true,
    "GPTIMER_ISR_IRAM_SAFE": false,
    "GPTIMER_SKIP_LEGACY_CONFLICT_CHECK": false,
    "GPTIMER_SUPPRESS_DEPRECATE_WARN": false,
    "HAL_ASSERTION_DISABLE": false,
    "HAL_ASSERTION_ENABLE": false,
    "HAL_ASSERTION_EQUALS_SYSTEM": true,
    "HAL_ASSERTION_SILENT": false,
    "HAL_DEFAULT_ASSERTION_LEVEL": 2,
    "HAL_SPI_MASTER_FUNC_IN_IRAM": true,
    "HAL_SPI_SLAVE_FUNC_IN_IRAM": true,
    "HEAP_ABORT_WHEN_ALLOCATION_FAILS": false,
    "HEAP_PLACE_FUNCTION_INTO_FLASH": false,
    "HEAP_POISONING_COMPREHENSIVE": false,
    "HEAP_POISONING_DISABLED": true,
    "HEAP_POISONING_LIGHT": false,
    "HEAP_TASK_TRACKING": false,
    "HEAP_TRACING_OFF": true,
    "HEAP_TRACING_STANDALONE": false,
    "HEAP_TRACING_TOHOST": false,
    "HEAP_USE_HOOKS": false,
    "HTTPD_ERR_RESP_NO_DELAY": true,
    "HTTPD_LOG_PURGE_DATA": false,
    "HTTPD_MAX_REQ_HDR_LEN": 512,
    "HTTPD_MAX_URI_LEN": 512,
    "HTTPD_PURGE_BUF_LEN": 32,
    "HTTPD_QUEUE_WORK_BLOCKING": false,
    "HTTPD_SERVER_EVENT_POST_TIMEOUT": 2000,
    "HTTPD_WS_SUPPORT": false,
    "I2C_ENABLE_DEBUG_LOG": false,
    "I2C_ENABLE_SLAVE_DRIVER_VERSION_2": false,
    "I2C_ISR_IRAM_SAFE": false,
    "I2S_ENABLE_DEBUG_LOG": false,
    "I2S_ISR_IRAM_SAFE": false,
    "I2S_SKIP_LEGACY_CONFLICT_CHECK": false,
    "I2S_SUPPRESS_DEPRECATE_WARN": false,
    "IDF_CMAKE": true,
    "IDF_EXPERIMENTAL_FEATURES": false,
    "IDF_FIRMWARE_CHIP_ID": 0,
    "IDF_INIT_VERSION": "5.4.1",
    "IDF_TARGET": "esp32",
    "IDF_TARGET_ARCH": "xtensa",
    "IDF_TARGET_ARCH_XTENSA": true,
    "IDF_TARGET_ESP32": true,
    "IDF_TOOLCHAIN": "gcc",
    "IDF_TOOLCHAIN_GCC": true,
    "LCD_ENABLE_DEBUG_LOG": false,
    "LEDC_CTRL_FUNC_IN_IRAM": false,
    "LOG_COLORS": false,
    "LOG_DEFAULT_LEVEL": 3,
    "LOG_DEFAULT_LEVEL_DEBUG": false,
    "LOG_DEFAULT_LEVEL_ERROR": false,
    "LOG_DEFAULT_LEVEL_INFO": true,
    "LOG_DEFAULT_LEVEL_NONE": false,
    "LOG_DEFAULT_LEVEL_VERBOSE": false,
    "LOG_DEFAULT_LEVEL_WARN": false,
    "LOG_DYNAMIC_LEVEL_CONTROL": true,
    "LOG_MASTER_LEVEL": false,
    "LOG_MAXIMUM_EQUALS_DEFAULT": true,
    "LOG_MAXIMUM_LEVEL": 3,
    "LOG_MAXIMUM_LEVEL_DEBUG": false,
    "LOG_MAXIMUM_LEVEL_VERBOSE": false,
    "LOG_TAG_LEVEL_CACHE_ARRAY": false,
    "LOG_TAG_LEVEL_CACHE_BINARY_MIN_HEAP": true,
    "LOG_TAG_LEVEL_IMPL_CACHE_AND_LINKED_LIST": true,
    "LOG_TAG_LEVEL_IMPL_CACHE_SIZE": 31,
    "LOG_TAG_LEVEL_IMPL_LINKED_LIST": false,
    "LOG_TAG_LEVEL_IMPL_NONE": false,
    "LOG_TIMESTAMP_SOURCE_RTOS": true,
    "LOG_TIMESTAMP_SOURCE_SYSTEM": false,
    "LWIP_AUTOIP": false,
    "LWIP_BRIDGEIF_MAX_PORTS": 7,
    "LWIP_BROADCAST_PING": false,
    "LWIP_CHECKSUM_CHECK_ICMP": true,
    "LWIP_CHECKSUM_CHECK_IP": false,
    "LWIP_CHECKSUM_CHECK_UDP": false,
    "LWIP_CHECK_THREAD_SAFETY": false,
    "LWIP_DEBUG": false,
    "LWIP_DHCPS": true,
    "LWIP_DHCPS_ADD_DNS": true,
    "LWIP_DHCPS_LEASE_UNIT": 60,
    "LWIP_DHCPS_MAX_STATION_NUM": 8,
    "LWIP_DHCPS_STATIC_ENTRIES": true,
    "LWIP_DHCP_COARSE_TIMER_SECS": 1,
    "LWIP_DHCP_DISABLE_CLIENT_ID": false,
    "LWIP_DHCP_DISABLE_VENDOR_CLASS_ID": true,
    "LWIP_DHCP_DOES_ACD_CHECK": false,
    "LWIP_DHCP_DOES_ARP_CHECK": true,
    "LWIP_DHCP_DOES_NOT_CHECK_OFFERED_IP": false,
    "LWIP_DHCP_GET_NTP_SRV": false,
    "LWIP_DHCP_OPTIONS_LEN": 68,
    "LWIP_DHCP_RESTORE_LAST_IP": false,
    "LWIP_DNS_MAX_HOST_IP": 1,
    "LWIP_DNS_MAX_SERVERS": 3,
    "LWIP_DNS_SETSERVER_WITH_NETIF": false,
    "LWIP_DNS_SUPPORT_MDNS_QUERIES": true,
    "LWIP_ENABLE": true,
    "LWIP_ESP_GRATUITOUS_ARP": true,
    "LWIP_ESP_LWIP_ASSERT": true,
    "LWIP_ESP_MLDV6_REPORT": true,
    "LWIP_EXTRA_IRAM_OPTIMIZATION": false,
    "LWIP_FALLBACK_DNS_SERVER_SUPPORT": false,
    "LWIP_FORCE_ROUTER_FORWARDING": false,
    "LWIP_GARP_TMR_INTERVAL": 60,
    "LWIP_HOOK_DNS_EXT_RESOLVE_CUSTOM": false,
    "LWIP_HOOK_DNS_EXT_RESOLVE_NONE": true,
    "LWIP_HOOK_IP6_INPUT_CUSTOM": false,
    "LWIP_HOOK_IP6_INPUT_DEFAULT": true,
    "LWIP_HOOK_IP6_INPUT_NONE": false,
    "LWIP_HOOK_IP6_ROUTE_CUSTOM": false,
    "LWIP_HOOK_IP6_ROUTE_DEFAULT": false,
    "LWIP_HOOK_IP6_ROUTE_NONE": true,
    "LWIP_HOOK_IP6_SELECT_SRC_ADDR_CUSTOM": false,
    "LWIP_HOOK_IP6_SELECT_SRC_ADDR_DEFAULT": false,
    "LWIP_HOOK_IP6_SELECT_SRC_ADDR_NONE": true,
    "LWIP_HOOK_ND6_GET_GW_CUSTOM": false,
    "LWIP_HOOK_ND6_GET_GW_DEFAULT": false,
    "LWIP_HOOK_ND6_GET_GW_NONE": true,
    "LWIP_HOOK_NETCONN_EXT_RESOLVE_CUSTOM": false,
    "LWIP_HOOK_NETCONN_EXT_RESOLVE_DEFAULT": false,
    "LWIP_HOOK_NETCONN_EXT_RESOLVE_NONE": true,
    "LWIP_HOOK_TCP_ISN_CUSTOM": false,
    "LWIP_HOOK_TCP_ISN_DEFAULT": true,
    "LWIP_HOOK_TCP_ISN_NONE": false,
    "LWIP_ICMP": true,
    "LWIP_IP4_FRAG": true,
    "LWIP_IP4_REASSEMBLY": false,
    "LWIP_IP6_FRAG": true,
    "LWIP_IP6_REASSEMBLY": false,
    "LWIP_IPV4": true,
    "LWIP_IPV6": true,
    "LWIP_IPV6_AUTOCONFIG": false,
    "LWIP_IPV6_FORWARD": false,
    "LWIP_IPV6_MEMP_NUM_ND6_QUEUE": 3,
    "LWIP_IPV6_ND6_NUM_DESTINATIONS": 10,
    "LWIP_IPV6_ND6_NUM_NEIGHBORS": 5,
    "LWIP_IPV6_ND6_NUM_PREFIXES": 5,
    "LWIP_IPV6_ND6_NUM_ROUTERS": 3,
    "LWIP_IPV6_NUM_ADDRESSES": 3,
    "LWIP_IP_DEFAULT_TTL": 64,
    "LWIP_IP_FORWARD": false,
    "LWIP_IP_REASS_MAX_PBUFS": 10,
    "LWIP_IRAM_OPTIMIZATION": false,
    "LWIP_L2_TO_L3_COPY": false,
    "LWIP_LOCAL_HOSTNAME": "espressif",
    "LWIP_LOOPBACK_MAX_PBUFS": 8,
    "LWIP_MAX_ACTIVE_TCP": 16,
    "LWIP_MAX_LISTENING_TCP": 16,
    "LWIP_MAX_RAW_PCBS": 16,
    "LWIP_MAX_SOCKETS": 10,
    "LWIP_MAX_UDP_PCBS": 16,
    "LWIP_MLDV6_TMR_INTERVAL": 40,
    "LWIP_MULTICAST_PING": false,
    "LWIP_ND6": true,
    "LWIP_NETBUF_RECVINFO": false,
    "LWIP_NETIF_API": false,
    "LWIP_NETIF_LOOPBACK": true,
    "LWIP_NETIF_STATUS_CALLBACK": false,
    "LWIP_NUM_NETIF_CLIENT_DATA": 0,
    "LWIP_PPP_SUPPORT": false,
    "LWIP_SLIP_SUPPORT": false,
    "LWIP_SNTP_MAXIMUM_STARTUP_DELAY": 5000,
    "LWIP_SNTP_MAX_SERVERS": 1,
    "LWIP_SNTP_STARTUP_DELAY": true,
    "LWIP_SNTP_UPDATE_DELAY": 3600000,
    "LWIP_SO_LINGER": false,
    "LWIP_SO_RCVBUF": false,
    "LWIP_SO_REUSE": true,
    "LWIP_SO_REUSE_RXTOALL": true,
    "LWIP_STATS": false,
    "LWIP_TCPIP_CORE_LOCKING": false,
    "LWIP_TCPIP_RECVMBOX_SIZE": 32,
    "LWIP_TCPIP_TASK_AFFINITY": 2147483647,
    "LWIP_TCPIP_TASK_AFFINITY_CPU0": false,
    "LWIP_TCPIP_TASK_AFFINITY_CPU1": false,
    "LWIP_TCPIP_TASK_AFFINITY_NO_AFFINITY": true,
    "LWIP_TCPIP_TASK_PRIO": 18,
    "LWIP_TCPIP_TASK_STACK_SIZE": 3072,
    "LWIP_TCP_ACCEPTMBOX_SIZE": 6,
    "LWIP_TCP_FIN_WAIT_TIMEOUT": 20000,
    "LWIP_TCP_HIGH_SPEED_RETRANSMISSION": true,
    "LWIP_TCP_MAXRTX": 12,
    "LWIP_TCP_MSL": 60000,
    "LWIP_TCP_MSS": 1440,
    "LWIP_TCP_OOSEQ_MAX_PBUFS": 4,
    "LWIP_TCP_OOSEQ_TIMEOUT": 6,
    "LWIP_TCP_OVERSIZE_DISABLE": false,
    "LWIP_TCP_OVERSIZE_MSS": true,
    "LWIP_TCP_OVERSIZE_QUARTER_MSS": false,
    "LWIP_TCP_QUEUE_OOSEQ": true,
    "LWIP_TCP_RECVMBOX_SIZE": 6,
    "LWIP_TCP_RTO_TIME": 1500,
    "LWIP_TCP_SACK_OUT": false,
    "LWIP_TCP_SND_BUF_DEFAULT": 5760,
    "LWIP_TCP_SYNMAXRTX": 12,
    "LWIP_TCP_TMR_INTERVAL": 250,
    "LWIP_TCP_WND_DEFAULT": 5760,
    "LWIP_TIMERS_ONDEMAND": true,
    "LWIP_UDP_RECVMBOX_SIZE": 6,
    "LWIP_USE_ONLY_LWIP_SELECT": false,
    "MBEDTLS_AES_C": true,
    "MBEDTLS_ASYMMETRIC_CONTENT_LEN": true,
    "MBEDTLS_ATCA_HW_ECDSA_SIGN": false,
    "MBEDTLS_ATCA_HW_ECDSA_VERIFY": false,
    "MBEDTLS_BLOWFISH_C": false,
    "MBEDTLS_CAMELLIA_C": false,
    "MBEDTLS_CCM_C": true,
    "MBEDTLS_CERTIFICATE_BUNDLE": true,
    "MBEDTLS_CERTIFICATE_BUNDLE_DEFAULT_CMN": false,
    "MBEDTLS_CERTIFICATE_BUNDLE_DEFAULT_FULL": true,
    "MBEDTLS_CERTIFICATE_BUNDLE_DEFAULT_NONE": false,
    "MBEDTLS_CERTIFICATE_BUNDLE_DEPRECATED_LIST": false,
    "MBEDTLS_CERTIFICATE_BUNDLE_MAX_CERTS": 200,
    "MBEDTLS_CHACHA20_C": false,
    "MBEDTLS_CLIENT_SSL_SESSION_TICKETS": true,
    "MBEDTLS_CMAC_C": true,
    "MBEDTLS_CUSTOM_CERTIFICATE_BUNDLE": false,
    "MBEDTLS_CUSTOM_MEM_ALLOC": false,
    "MBEDTLS_DEBUG": false,
    "MBEDTLS_DEFAULT_MEM_ALLOC": false,
    "MBEDTLS_DES_C": false,
    "MBEDTLS_DHM_C": false,
    "MBEDTLS_DYNAMIC_BUFFER": false,
    "MBEDTLS_ECDH_C": true,
    "MBEDTLS_ECDSA_C": true,
    "MBEDTLS_ECDSA_DETERMINISTIC": true,
    "MBEDTLS_ECJPAKE_C": false,
    "MBEDTLS_ECP_C": true,
    "MBEDTLS_ECP_DP_BP256R1_ENABLED": true,
    "MBEDTLS_ECP_DP_BP384R1_ENABLED": true,
    "MBEDTLS_ECP_DP_BP512R1_ENABLED": true,
    "MBEDTLS_ECP_DP_CURVE25519_ENABLED": true,
    "MBEDTLS_ECP_DP_SECP192K1_ENABLED": true,
    "MBEDTLS_ECP_DP_SECP192R1_ENABLED": true,
    "MBEDTLS_ECP_DP_SECP224K1_ENABLED": true,
    "MBEDTLS_ECP_DP_SECP224R1_ENABLED": true,
    "MBEDTLS_ECP_DP_SECP256K1_ENABLED": true,
    "MBEDTLS_ECP_DP_SECP256R1_ENABLED": true,
    "MBEDTLS_ECP_DP_SECP384R1_ENABLED": true,
    "MBEDTLS_ECP_DP_SECP521R1_ENABLED": true,
    "MBEDTLS_ECP_FIXED_POINT_OPTIM": false,
    "MBEDTLS_ECP_NIST_OPTIM": true,
    "MBEDTLS_ECP_RESTARTABLE": false,
    "MBEDTLS_ERROR_STRINGS": true,
    "MBEDTLS_FS_IO": true,
    "MBEDTLS_GCM_C": true,
    "MBEDTLS_GCM_SUPPORT_NON_AES_CIPHER": true,
    "MBEDTLS_HARDWARE_AES": true,
    "MBEDTLS_HARDWARE_MPI": true,
    "MBEDTLS_HARDWARE_SHA": true,
    "MBEDTLS_HAVE_TIME": true,
    "MBEDTLS_HAVE_TIME_DATE": false,
    "MBEDTLS_HKDF_C": false,
    "MBEDTLS_INTERNAL_MEM_ALLOC": true,
    "MBEDTLS_KEY_EXCHANGE_ECDHE_ECDSA": true,
    "MBEDTLS_KEY_EXCHANGE_ECDHE_RSA": true,
    "MBEDTLS_KEY_EXCHANGE_ECDH_ECDSA": true,
    "MBEDTLS_KEY_EXCHANGE_ECDH_RSA": true,
    "MBEDTLS_KEY_EXCHANGE_ELLIPTIC_CURVE": true,
    "MBEDTLS_KEY_EXCHANGE_RSA": true,
    "MBEDTLS_LARGE_KEY_SOFTWARE_MPI": false,
    "MBEDTLS_NIST_KW_C": false,
    "MBEDTLS_PEM_PARSE_C": true,
    "MBEDTLS_PEM_WRITE_C": true,
    "MBEDTLS_PKCS7_C": true,
    "MBEDTLS_PK_PARSE_EC_COMPRESSED": true,
    "MBEDTLS_PK_PARSE_EC_EXTENDED": true,
    "MBEDTLS_PLATFORM_TIME_ALT": false,
    "MBEDTLS_POLY1305_C": false,
    "MBEDTLS_PSK_MODES": false,
    "MBEDTLS_RIPEMD160_C": false,
    "MBEDTLS_ROM_MD5": true,
    "MBEDTLS_SERVER_SSL_SESSION_TICKETS": true,
    "MBEDTLS_SHA3_C": false,
    "MBEDTLS_SHA512_C": true,
    "MBEDTLS_SSL_ALPN": true,
    "MBEDTLS_SSL_CONTEXT_SERIALIZATION": false,
    "MBEDTLS_SSL_IN_CONTENT_LEN": 16384,
    "MBEDTLS_SSL_KEEP_PEER_CERTIFICATE": true,
    "MBEDTLS_SSL_OUT_CONTENT_LEN": 4096,
    "MBEDTLS_SSL_PROTO_DTLS": false,
    "MBEDTLS_SSL_PROTO_GMTSSL1_1": false,
    "MBEDTLS_SSL_PROTO_TLS1_2": true,
    "MBEDTLS_SSL_PROTO_TLS1_3": false,
    "MBEDTLS_SSL_RENEGOTIATION": true,
    "MBEDTLS_SSL_VARIABLE_BUFFER_LENGTH": false,
    "MBEDTLS_THREADING_C": false,
    "MBEDTLS_TLS_CLIENT": true,
    "MBEDTLS_TLS_CLIENT_ONLY": false,
    "MBEDTLS_TLS_DISABLED": false,
    "MBEDTLS_TLS_ENABLED": true,
    "MBEDTLS_TLS_SERVER": true,
    "MBEDTLS_TLS_SERVER_AND_CLIENT": true,
    "MBEDTLS_TLS_SERVER_ONLY": false,
    "MBEDTLS_X509_CRL_PARSE_C": true,
    "MBEDTLS_X509_CSR_PARSE_C": true,
    "MBEDTLS_X509_TRUSTED_CERT_CALLBACK": false,
    "MBEDTLS_XTEA_C": false,
    "MCPWM_CTRL_FUNC_IN_IRAM": false,
    "MCPWM_ENABLE_DEBUG_LOG": false,
    "MCPWM_ISR_IRAM_SAFE": false,
    "MCPWM_SKIP_LEGACY_CONFLICT_CHECK": false,
    "MCPWM_SUPPRESS_DEPRECATE_WARN": false,
    "MMU_PAGE_MODE": "64KB",
    "MMU_PAGE_SIZE": 65536,
    "MMU_PAGE_SIZE_64KB": true,
    "MQTT_CUSTOM_OUTBOX": false,
    "MQTT_MSG_ID_INCREMENTAL": false,
    "MQTT_PROTOCOL_311": true,
    "MQTT_PROTOCOL_5": false,
    "MQTT_REPORT_DELETED_MESSAGES": false,
    "MQTT_SKIP_PUBLISH_IF_DISCONNECTED": false,
    "MQTT_TASK_CORE_SELECTION_ENABLED": false,
    "MQTT_TRANSPORT_SSL": true,
    "MQTT_TRANSPORT_WEBSOCKET": true,
    "MQTT_TRANSPORT_WEBSOCKET_SECURE": true,
    "MQTT_USE_CUSTOM_CONFIG": false,
    "NEWLIB_NANO_FORMAT": false,
    "NEWLIB_STDIN_LINE_ENDING_CR": true,
    "NEWLIB_STDIN_LINE_ENDING_CRLF": false,
    "NEWLIB_STDIN_LINE_ENDING_LF": false,
    "NEWLIB_STDOUT_LINE_ENDING_CR": false,
    "NEWLIB_STDOUT_LINE_ENDING_CRLF": true,
    "NEWLIB_STDOUT_LINE_ENDING_LF": false,
    "NEWLIB_TIME_SYSCALL_USE_HRT": false,
    "NEWLIB_TIME_SYSCALL_USE_NONE": false,
    "NEWLIB_TIME_SYSCALL_USE_RTC": false,
    "NEWLIB_TIME_SYSCALL_USE_RTC_HRT": true,
    "NVS_ASSERT_ERROR_CHECK": false,
    "NVS_LEGACY_DUP_KEYS_COMPATIBILITY": false,
    "OPENTHREAD_ENABLED": false,
    "OPENTHREAD_SPINEL_ONLY": false,
    "PARTITION_TABLE_CUSTOM": false,
    "PARTITION_TABLE_CUSTOM_FILENAME": "partitions.csv",
    "PARTITION_TABLE_FILENAME": "partitions_singleapp.csv",
    "PARTITION_TABLE_MD5": true,
    "PARTITION_TABLE_OFFSET": 32768,
    "PARTITION_TABLE_SINGLE_APP": true,
    "PARTITION_TABLE_SINGLE_APP_LARGE": false,
    "PARTITION_TABLE_TWO_OTA": false,
    "PARTITION_TABLE_TWO_OTA_LARGE": false,
    "PCNT_CTRL_FUNC_IN_IRAM": false,
    "PCNT_ENABLE_DEBUG_LOG": false,
    "PCNT_ISR_IRAM_SAFE": false,
    "PCNT_SKIP_LEGACY_CONFLICT_CHECK": false,
    "PCNT_SUPPRESS_DEPRECATE_WARN": false,
    "PERIPH_CTRL_FUNC_IN_IRAM": true,
    "PM_ENABLE": false,
    "PM_SLP_IRAM_OPT": false,
    "PTHREAD_DEFAULT_CORE_0": false,
    "PTHREAD_DEFAULT_CORE_1": false,
    "PTHREAD_DEFAULT_CORE_NO_AFFINITY": true,
    "PTHREAD_STACK_MIN": 768,
    "PTHREAD_TASK_CORE_DEFAULT": -1,
    "PTHREAD_TASK_NAME_DEFAULT": "pthread",
    "PTHREAD_TASK_PRIO_DEFAULT": 5,
    "PTHREAD_TASK_STACK_SIZE_DEFAULT": 3072,
    "RINGBUF_PLACE_FUNCTIONS_INTO_FLASH": false,
    "RMT_ENABLE_DEBUG_LOG": false,
    "RMT_ISR_IRAM_SAFE": false,
    "RMT_RECV_FUNC_IN_IRAM": false,
    "RMT_SKIP_LEGACY_CONFLICT_CHECK": false,
    "RMT_SUPPRESS_DEPRECATE_WARN": false,
    "RTC_CLK_CAL_CYCLES": 1024,
    "RTC_CLK_SRC_EXT_CRYS": false,
    "RTC_CLK_SRC_EXT_OSC": false,
    "RTC_CLK_SRC_INT_8MD256": false,
    "RTC_CLK_SRC_INT_RC": true,
    "SDM_CTRL_FUNC_IN_IRAM": false,
    "SDM_ENABLE_DEBUG_LOG": false,
    "SDM_SKIP_LEGACY_CONFLICT_CHECK": false,
    "SDM_SUPPRESS_DEPRECATE_WARN": false,
    "SECURE_BOOT": false,
    "SECURE_BOOT_V1_SUPPORTED": true,
    "SECURE_FLASH_ENC_ENABLED": false,
    "SECURE_SIGNED_APPS_NO_SECURE_BOOT": false,
    "SOC_ADC_ATTEN_NUM": 4,
    "SOC_ADC_DIGI_CONTROLLER_NUM": 2,
    "SOC_ADC_DIGI_DATA_BYTES_PER_CONV": 4,
    "SOC_ADC_DIGI_MAX_BITWIDTH": 12,
    "SOC_ADC_DIGI_MIN_BITWIDTH": 9,
    "SOC_ADC_DIGI_MONITOR_NUM": 0,
    "SOC_ADC_DIGI_RESULT_BYTES": 2,
    "SOC_ADC_DIG_CTRL_SUPPORTED": true,
    "SOC_ADC_DMA_SUPPORTED": true,
    "SOC_ADC_MAX_CHANNEL_NUM": 10,
    "SOC_ADC_PATT_LEN_MAX": 16,
    "SOC_ADC_PERIPH_NUM": 2,
    "SOC_ADC_RTC_CTRL_SUPPORTED": true,
    "SOC_ADC_RTC_MAX_BITWIDTH": 12,
    "SOC_ADC_RTC_MIN_BITWIDTH": 9,
    "SOC_ADC_SAMPLE_FREQ_THRES_HIGH": 2,
    "SOC_ADC_SAMPLE_FREQ_THRES_LOW": 20,
    "SOC_ADC_SHARED_POWER": true,
    "SOC_ADC_SUPPORTED": true,
    "SOC_AES_SUPPORTED": true,
    "SOC_AES_SUPPORT_AES_128": true,
    "SOC_AES_SUPPORT_AES_192": true,
    "SOC_AES_SUPPORT_AES_256": true,
    "SOC_BLE_MESH_SUPPORTED": true,
    "SOC_BLE_SUPPORTED": true,
    "SOC_BLUFI_SUPPORTED": true,
    "SOC_BOD_SUPPORTED": true,
    "SOC_BROWNOUT_RESET_SUPPORTED": "Not determined",
    "SOC_BT_CLASSIC_SUPPORTED": true,
    "SOC_BT_H2C_ENC_KEY_CTRL_ENH_VSC_SUPPORTED": true,
    "SOC_BT_SUPPORTED": true,
    "SOC_CAPS_ECO_VER_MAX": 301,
    "SOC_CCOMP_TIMER_SUPPORTED": true,
    "SOC_CLK_APLL_SUPPORTED": true,
    "SOC_CLK_RC_FAST_D256_SUPPORTED": true,
    "SOC_CLK_RC_FAST_SUPPORT_CALIBRATION": true,
    "SOC_CLK_TREE_SUPPORTED": true,
    "SOC_CLK_XTAL32K_SUPPORTED": true,
    "SOC_CONFIGURABLE_VDDSDIO_SUPPORTED": true,
    "SOC_CPU_BREAKPOINTS_NUM": 2,
    "SOC_CPU_CORES_NUM": 2,
    "SOC_CPU_HAS_FPU": true,
    "SOC_CPU_INTR_NUM": 32,
    "SOC_CPU_WATCHPOINTS_NUM": 2,
    "SOC_CPU_WATCHPOINT_MAX_REGION_SIZE": 64,
    "SOC_DAC_CHAN_NUM": 2,
    "SOC_DAC_DMA_16BIT_ALIGN": true,
    "SOC_DAC_RESOLUTION": 8,
    "SOC_DAC_SUPPORTED": true,
    "SOC_DEEP_SLEEP_SUPPORTED": true,
    "SOC_DPORT_WORKAROUND": "Not determined",
    "SOC_DPORT_WORKAROUND_DIS_INTERRUPT_LVL": 5,
    "SOC_EFUSE_SECURE_BOOT_KEY_DIGESTS": true,
    "SOC_EFUSE_SUPPORTED": true,
    "SOC_EMAC_RMII_CLK_OUT_INTERNAL_LOOPBACK": true,
    "SOC_EMAC_SUPPORTED": true,
    "SOC_FLASH_ENCRYPTED_XTS_AES_BLOCK_MAX": 32,
    "SOC_FLASH_ENC_SUPPORTED": true,
    "SOC_GPIO_CLOCKOUT_BY_IO_MUX": true,
    "SOC_GPIO_CLOCKOUT_CHANNEL_NUM": 3,
    "SOC_GPIO_IN_RANGE_MAX": 39,
    "SOC_GPIO_OUT_RANGE_MAX": 33,
    "SOC_GPIO_PIN_COUNT": 40,
    "SOC_GPIO_PORT": 1,
    "SOC_GPIO_SUPPORT_HOLD_IO_IN_DSLP": true,
    "SOC_GPIO_VALID_DIGITAL_IO_PAD_MASK": 15667178,
    "SOC_GPIO_VALID_GPIO_MASK": 1099511627775,
    "SOC_GPSPI_SUPPORTED": true,
    "SOC_GPTIMER_SUPPORTED": true,
    "SOC_HP_CPU_HAS_MULTIPLE_CORES": true,
    "SOC_HP_I2C_NUM": 2,
    "SOC_I2C_CMD_REG_NUM": 16,
    "SOC_I2C_FIFO_LEN": 32,
    "SOC_I2C_NUM": 2,
    "SOC_I2C_STOP_INDEPENDENT": true,
    "SOC_I2C_SUPPORTED": true,
    "SOC_I2C_SUPPORT_10BIT_ADDR": true,
    "SOC_I2C_SUPPORT_APB": true,
    "SOC_I2C_SUPPORT_SLAVE": true,
    "SOC_I2S_HW_VERSION_1": true,
    "SOC_I2S_LCD_I80_VARIANT": true,
    "SOC_I2S_MAX_DATA_WIDTH": 24,
    "SOC_I2S_NUM": 2,
    "SOC_I2S_PDM_MAX_RX_LINES": 1,
    "SOC_I2S_PDM_MAX_TX_LINES": 1,
    "SOC_I2S_SUPPORTED": true,
    "SOC_I2S_SUPPORTS_ADC": true,
    "SOC_I2S_SUPPORTS_ADC_DAC": true,
    "SOC_I2S_SUPPORTS_APLL": true,
    "SOC_I2S_SUPPORTS_DAC": true,
    "SOC_I2S_SUPPORTS_LCD_CAMERA": true,
    "SOC_I2S_SUPPORTS_PDM": true,
    "SOC_I2S_SUPPORTS_PDM_RX": true,
    "SOC_I2S_SUPPORTS_PDM_TX": true,
    "SOC_I2S_SUPPORTS_PLL_F160M": true,
    "SOC_I2S_TRANS_SIZE_ALIGN_WORD": true,
    "SOC_IDCACHE_PER_CORE": true,
    "SOC_LCD_I80_BUSES": 2,
    "SOC_LCD_I80_BUS_WIDTH": 24,
    "SOC_LCD_I80_SUPPORTED": true,
    "SOC_LEDC_CHANNEL_NUM": 8,
    "SOC_LEDC_HAS_TIMER_SPECIFIC_MUX": true,
    "SOC_LEDC_SUPPORTED": true,
    "SOC_LEDC_SUPPORT_APB_CLOCK": true,
    "SOC_LEDC_SUPPORT_HS_MODE": true,
    "SOC_LEDC_SUPPORT_REF_TICK": true,
    "SOC_LEDC_TIMER_BIT_WIDTH": 20,
    "SOC_LEDC_TIMER_NUM": 4,
    "SOC_LIGHT_SLEEP_SUPPORTED": true,
    "SOC_LP_PERIPH_SHARE_INTERRUPT": true,
    "SOC_LP_TIMER_BIT_WIDTH_HI": 16,
    "SOC_LP_TIMER_BIT_WIDTH_LO": 32,
    "SOC_MCPWM_CAPTURE_CHANNELS_PER_TIMER": 3,
    "SOC_MCPWM_CAPTURE_TIMERS_PER_GROUP": true,
    "SOC_MCPWM_COMPARATORS_PER_OPERATOR": 2,
    "SOC_MCPWM_GENERATORS_PER_OPERATOR": 2,
    "SOC_MCPWM_GPIO_FAULTS_PER_GROUP": 3,
    "SOC_MCPWM_GPIO_SYNCHROS_PER_GROUP": 3,
    "SOC_MCPWM_GROUPS": 2,
    "SOC_MCPWM_OPERATORS_PER_GROUP": 3,
    "SOC_MCPWM_SUPPORTED": true,
    "SOC_MCPWM_TIMERS_PER_GROUP": 3,
    "SOC_MCPWM_TRIGGERS_PER_OPERATOR": 2,
    "SOC_MEMSPI_SRC_FREQ_20M_SUPPORTED": true,
    "SOC_MEMSPI_SRC_FREQ_26M_SUPPORTED": true,
    "SOC_MEMSPI_SRC_FREQ_40M_SUPPORTED": true,
    "SOC_MEMSPI_SRC_FREQ_80M_SUPPORTED": true,
    "SOC_MMU_LINEAR_ADDRESS_REGION_NUM": 3,
    "SOC_MMU_PERIPH_NUM": 2,
    "SOC_MPI_MEM_BLOCKS_NUM": 4,
    "SOC_MPI_OPERATIONS_NUM": true,
    "SOC_MPI_SUPPORTED": true,
    "SOC_MPU_MIN_REGION_SIZE": 536870912,
    "SOC_MPU_REGIONS_MAX_NUM": 8,
    "SOC_MPU_SUPPORTED": true,
    "SOC_PCNT_CHANNELS_PER_UNIT": 2,
    "SOC_PCNT_GROUPS": 1,
    "SOC_PCNT_SUPPORTED": true,
    "SOC_PCNT_THRES_POINT_PER_UNIT": 2,
    "SOC_PCNT_UNITS_PER_GROUP": 8,
    "SOC_PHY_COMBO_MODULE": true,
    "SOC_PHY_DIG_REGS_MEM_SIZE": 21,
    "SOC_PHY_SUPPORTED": true,
    "SOC_PM_MODEM_PD_BY_SW": true,
    "SOC_PM_SUPPORTED": true,
    "SOC_PM_SUPPORT_EXT0_WAKEUP": true,
    "SOC_PM_SUPPORT_EXT1_WAKEUP": true,
    "SOC_PM_SUPPORT_EXT_WAKEUP": true,
    "SOC_PM_SUPPORT_MODEM_PD": true,
    "SOC_PM_SUPPORT_RC_FAST_PD": true,
    "SOC_PM_SUPPORT_RTC_FAST_MEM_PD": true,
    "SOC_PM_SUPPORT_RTC_PERIPH_PD": true,
    "SOC_PM_SUPPORT_RTC_SLOW_MEM_PD": true,
    "SOC_PM_SUPPORT_TOUCH_SENSOR_WAKEUP": true,
    "SOC_PM_SUPPORT_VDDSDIO_PD": true,
    "SOC_RMT_CHANNELS_PER_GROUP": 8,
    "SOC_RMT_CHANNEL_CLK_INDEPENDENT": true,
    "SOC_RMT_GROUPS": 1,
    "SOC_RMT_MEM_WORDS_PER_CHANNEL": 64,
    "SOC_RMT_RX_CANDIDATES_PER_GROUP": 8,
    "SOC_RMT_SUPPORTED": true,
    "SOC_RMT_SUPPORT_APB": true,
    "SOC_RMT_SUPPORT_REF_TICK": true,
    "SOC_RMT_TX_CANDIDATES_PER_GROUP": 8,
    "SOC_RNG_SUPPORTED": true,
    "SOC_RSA_MAX_BIT_LEN": 4096,
    "SOC_RTCIO_HOLD_SUPPORTED": true,
    "SOC_RTCIO_INPUT_OUTPUT_SUPPORTED": true,
    "SOC_RTCIO_PIN_COUNT": 18,
    "SOC_RTCIO_WAKE_SUPPORTED": true,
    "SOC_RTC_FAST_MEM_SUPPORTED": true,
    "SOC_RTC_MEM_SUPPORTED": true,
    "SOC_RTC_SLOW_CLK_SUPPORT_RC_FAST_D256": true,
    "SOC_RTC_SLOW_MEM_SUPPORTED": true,
    "SOC_SDIO_SLAVE_SUPPORTED": true,
    "SOC_SDMMC_HOST_SUPPORTED": true,
    "SOC_SDMMC_NUM_SLOTS": 2,
    "SOC_SDMMC_USE_IOMUX": true,
    "SOC_SDM_CHANNELS_PER_GROUP": 8,
    "SOC_SDM_CLK_SUPPORT_APB": true,
    "SOC_SDM_GROUPS": 1,
    "SOC_SDM_SUPPORTED": true,
    "SOC_SECURE_BOOT_SUPPORTED": true,
    "SOC_SECURE_BOOT_V1": true,
    "SOC_SHARED_IDCACHE_SUPPORTED": true,
    "SOC_SHA_ENDIANNESS_BE": true,
    "SOC_SHA_SUPPORTED": true,
    "SOC_SHA_SUPPORT_PARALLEL_ENG": true,
    "SOC_SHA_SUPPORT_SHA1": true,
    "SOC_SHA_SUPPORT_SHA256": true,
    "SOC_SHA_SUPPORT_SHA384": true,
    "SOC_SHA_SUPPORT_SHA512": true,
    "SOC_SPIRAM_SUPPORTED": true,
    "SOC_SPI_AS_CS_SUPPORTED": true,
    "SOC_SPI_DMA_CHAN_NUM": 2,
    "SOC_SPI_FLASH_SUPPORTED": true,
    "SOC_SPI_HD_BOTH_INOUT_SUPPORTED": true,
    "SOC_SPI_MAXIMUM_BUFFER_SIZE": 64,
    "SOC_SPI_MAX_CS_NUM": 3,
    "SOC_SPI_MAX_PRE_DIVIDER": 8192,
    "SOC_SPI_MEM_SUPPORT_CONFIG_GPIO_BY_EFUSE": true,
    "SOC_SPI_PERIPH_NUM": 3,
    "SOC_SPI_SUPPORT_CLK_APB": true,
    "SOC_SUPPORT_COEXISTENCE": true,
    "SOC_TIMER_GROUPS": 2,
    "SOC_TIMER_GROUP_COUNTER_BIT_WIDTH": 64,
    "SOC_TIMER_GROUP_SUPPORT_APB": true,
    "SOC_TIMER_GROUP_TIMERS_PER_GROUP": 2,
    "SOC_TIMER_GROUP_TOTAL_TIMERS": 4,
    "SOC_TOUCH_SAMPLE_CFG_NUM": 1,
    "SOC_TOUCH_SENSOR_NUM": 10,
    "SOC_TOUCH_SENSOR_SUPPORTED": true,
    "SOC_TOUCH_SENSOR_VERSION": 1,
    "SOC_TWAI_BRP_DIV_SUPPORTED": "Not determined",
    "SOC_TWAI_BRP_MIN": 2,
    "SOC_TWAI_CLK_SUPPORT_APB": true,
    "SOC_TWAI_CONTROLLER_NUM": 1,
    "SOC_TWAI_SUPPORTED": true,
    "SOC_TWAI_SUPPORT_MULTI_ADDRESS_LAYOUT": true,
    "SOC_UART_BITRATE_MAX": 5000000,
    "SOC_UART_FIFO_LEN": 128,
    "SOC_UART_HP_NUM": 3,
    "SOC_UART_NUM": 3,
    "SOC_UART_SUPPORTED": true,
    "SOC_UART_SUPPORT_APB_CLK": true,
    "SOC_UART_SUPPORT_REF_TICK": true,
    "SOC_ULP_FSM_SUPPORTED": true,
    "SOC_ULP_HAS_ADC": true,
    "SOC_ULP_SUPPORTED": true,
    "SOC_WDT_SUPPORTED": true,
    "SOC_WIFI_CSI_SUPPORT": true,
    "SOC_WIFI_MESH_SUPPORT": true,
    "SOC_WIFI_NAN_SUPPORT": true,
    "SOC_WIFI_SUPPORTED": true,
    "SOC_WIFI_SUPPORT_VARIABLE_BEACON_WINDOW": true,
    "SOC_WIFI_WAPI_SUPPORT": true,
    "SOC_XTAL_SUPPORT_26M": true,
    "SOC_XTAL_SUPPORT_40M": true,
    "SOC_XTAL_SUPPORT_AUTO_DETECT": true,
    "SPIFFS_API_DBG": false,
    "SPIFFS_CACHE": true,
    "SPIFFS_CACHE_DBG": false,
    "SPIFFS_CACHE_STATS": false,
    "SPIFFS_CACHE_WR": true,
    "SPIFFS_CHECK_DBG": false,
    "SPIFFS_DBG": false,
    "SPIFFS_FOLLOW_SYMLINKS": false,
    "SPIFFS_GC_DBG": false,
    "SPIFFS_GC_MAX_RUNS": 10,
    "SPIFFS_GC_STATS": false,
    "SPIFFS_MAX_PARTITIONS": 3,
    "SPIFFS_META_LENGTH": 4,
    "SPIFFS_OBJ_NAME_LEN": 32,
    "SPIFFS_PAGE_CHECK": true,
    "SPIFFS_PAGE_SIZE": 256,
    "SPIFFS_TEST_VISUALISATION": false,
    "SPIFFS_USE_MAGIC": true,
    "SPIFFS_USE_MAGIC_LENGTH": true,
    "SPIFFS_USE_MTIME": true,
    "SPIRAM": false,
    "SPI_FLASH_BROWNOUT_RESET": true,
    "SPI_FLASH_BROWNOUT_RESET_XMC": true,
    "SPI_FLASH_BYPASS_BLOCK_ERASE": false,
    "SPI_FLASH_CHECK_ERASE_TIMEOUT_DISABLED": false,
    "SPI_FLASH_DANGEROUS_WRITE_ABORTS": true,
    "SPI_FLASH_DANGEROUS_WRITE_ALLOWED": false,
    "SPI_FLASH_DANGEROUS_WRITE_FAILS": false,
    "SPI_FLASH_ENABLE_COUNTERS": false,
    "SPI_FLASH_ENABLE_ENCRYPTED_READ_WRITE": true,
    "SPI_FLASH_ERASE_YIELD_DURATION_MS": 20,
    "SPI_FLASH_ERASE_YIELD_TICKS": 1,
    "SPI_FLASH_FORCE_ENABLE_XMC_C_SUSPEND": false,
    "SPI_FLASH_OVERRIDE_CHIP_DRIVER_LIST": false,
    "SPI_FLASH_ROM_DRIVER_PATCH": true,
    "SPI_FLASH_SHARE_SPI1_BUS": false,
    "SPI_FLASH_SIZE_OVERRIDE": false,
    "SPI_FLASH_SUPPORT_BOYA_CHIP": false,
    "SPI_FLASH_SUPPORT_GD_CHIP": true,
    "SPI_FLASH_SUPPORT_ISSI_CHIP": true,
    "SPI_FLASH_SUPPORT_MXIC_CHIP": true,
    "SPI_FLASH_SUPPORT_TH_CHIP": false,
    "SPI_FLASH_SUPPORT_WINBOND_CHIP": true,
    "SPI_FLASH_SUSPEND_TSUS_VAL_US": 50,
    "SPI_FLASH_VENDOR_GD_SUPPORTED": true,
    "SPI_FLASH_VENDOR_ISSI_SUPPORTED": true,
    "SPI_FLASH_VENDOR_MXIC_SUPPORTED": true,
    "SPI_FLASH_VENDOR_WINBOND_SUPPORTED": true,
    "SPI_FLASH_VENDOR_XMC_SUPPORTED": true,
    "SPI_FLASH_VERIFY_WRITE": false,
    "SPI_FLASH_WRITE_CHUNK_SIZE": 8192,
    "SPI_FLASH_YIELD_DURING_ERASE": true,
    "SPI_MASTER_IN_IRAM": false,
    "SPI_MASTER_ISR_IN_IRAM": true,
    "SPI_SLAVE_IN_IRAM": false,
    "SPI_SLAVE_ISR_IN_IRAM": true,
    "TOUCH_CTRL_FUNC_IN_IRAM": false,
    "TOUCH_ENABLE_DEBUG_LOG": false,
    "TOUCH_ISR_IRAM_SAFE": false,
    "TWAI_ERRATA_FIX_BUS_OFF_REC": true,
    "TWAI_ERRATA_FIX_LISTEN_ONLY_DOM": true,
    "TWAI_ERRATA_FIX_RX_FIFO_CORRUPT": true,
    "TWAI_ERRATA_FIX_RX_FRAME_INVALID": true,
    "TWAI_ERRATA_FIX_TX_INTR_LOST": true,
    "TWAI_ISR_IN_IRAM": false,
    "UART_ISR_IN_IRAM": false,
    "ULP_COPROC_ENABLED": false,
    "UNITY_ENABLE_64BIT": false,
    "UNITY_ENABLE_BACKTRACE_ON_FAIL": false,
    "UNITY_ENABLE_COLOR": false,
    "UNITY_ENABLE_DOUBLE": true,
    "UNITY_ENABLE_FIXTURE": false,
    "UNITY_ENABLE_FLOAT": true,
    "UNITY_ENABLE_IDF_TEST_RUNNER": true,
    "VFS_INITIALIZE_DEV_NULL": true,
    "VFS_MAX_COUNT": 8,
    "VFS_SELECT_IN_RAM": false,
    "VFS_SEMIHOSTFS_MAX_MOUNT_POINTS": 1,
    "VFS_SUPPORT_DIR": true,
    "VFS_SUPPORT_IO": true,
    "VFS_SUPPORT_SELECT": true,
    "VFS_SUPPORT_TERMIOS": true,
    "VFS_SUPPRESS_SELECT_DEBUG_OUTPUT": true,
    "WIFI_PROV_AUTOSTOP_TIMEOUT": 30,
    "WIFI_PROV_SCAN_MAX_ENTRIES": 16,
    "WIFI_PROV_STA_ALL_CHANNEL_SCAN": true,
    "WIFI_PROV_STA_FAST_SCAN": false,
    "WL_SECTOR_SIZE": 4096,
    "WL_SECTOR_SIZE_4096": true,
    "WL_SECTOR_SIZE_512": false,
    "WS_BUFFER_SIZE": 1024,
    "WS_DYNAMIC_BUFFER": false,
    "WS_TRANSPORT": true,
    "XTAL_FREQ": 40,
    "XTAL_FREQ_26": false,
    "XTAL_FREQ_32": false,
    "XTAL_FREQ_40": true,
    "XTAL_FREQ_AUTO": false
}